class_no,class_name,NOSE_angle,LEFT_EYE_angle,RIGHT_EYE_angle,LEFT_EAR_angle,RIGHT_EAR_angle,LEFT_SHOULDER_angle,RIGHT_SHOULDER_angle,LEFT_ELBOW_angle,RIGHT_ELBOW_angle,LEFT_WRIST_angle,RIGHT_WRIST_angle,LEFT_HIP_angle,RIGHT_HIP_angle,LEFT_KNEE_angle,RIGHT_KNEE_angle,LEFT_ANKLE_angle,RIGHT_ANKLE_angle
0,Adho Mukha Svanasana,0.0,0.8370647146486234,0.5879460844038897,-1.417525248860904,-1.551662239046401,-1.5152832045361515,-1.6036927027065753,1.2796139239160458,0.9269450776917874,1.4744633044286528,1.632099426274272,-1.5635041020137297,-1.5894906175340406,-1.5672340314547106,-1.5946270539022018,1.4329730523117201,1.5073182911556255
1,Balasana,0.0,-0.7362229797787889,-1.0257182175581625,-1.4787773038425154,-1.597324958479782,-1.411797045284646,-1.6996780963796139,0.1535057776947411,-0.9480469156384714,1.0292353633978415,-0.2111531261372095,-1.5080201779637086,-1.5711019776802262,-0.7990413162813111,0.0677480145752299,-0.8784995486657894,0.2531599092611807
2,Virabhadrasana One,0.0,-0.9261329525090825,-0.8786939944942322,0.41416607722458204,0.46303960139028877,1.4607070468791359,1.6768970476902165,-1.445428778543756,-1.5759741601079864,-1.5277663951709963,-1.5633119549423427,1.5180997676905288,1.6225132650492526,1.275674894450086,1.871714216128066,1.257698830698315,1.8848025084074842
3,Virabhadrasana Two,0.0,-1.3677448020130958,-1.7771083568219557,-1.0670211030588634,-1.0370297819231105,1.0036007810902319,2.14305213339847,0.5716072909743153,2.5717584816132364,0.43392984845452987,2.7053150605836995,1.444523754947033,1.696928294404633,1.1905103098705139,1.9499816241575543,1.1937853124561482,1.9487549858963722
4,Vrksasana One,0.0,-0.7157011009638622,-2.4217124542273836,-0.03358605996085733,0.4156166607314961,0.8594418867869694,2.275434061832241,1.0565942378606246,2.0860684164313246,1.4268882069084283,1.7069945510837417,1.4253770770950678,1.7196444411115988,1.344080198089548,1.7945060516153521,1.548734316853338,1.59415422283491
5,Vrksasana Two,0.0,-0.8384495141837182,-2.3256733044215347,-0.22457394635446384,0.5751065383620423,0.9228125529764173,2.230101572948783,-0.8806924951661583,-2.286975113608017,-1.4128966251333963,-1.7252030934865605,1.4458028909058793,1.7023827301677195,1.3708722108595597,1.7710659522872911,1.5484337605447172,1.598299383895576
